<?xml version="1.0" encoding="UTF-8" ?>
<!--MyBatis配置文件-->
<!DOCTYPE mapper PUBLIC "-//mybatis.org//DTD Config 3.0//EN" "http://mybatis.org/dtd/mybatis-3-mapper.dtd">

<mapper namespace="com.mszlu.blog.dao.mapper.TagMapper">

    <sql id="all">
        id,avatar,tag_name as tagName
    </sql>

    <select id="findTagsByArticleId" parameterType="long" resultType="com.mszlu.blog.dao.pojo.Tag">
        select <include refid="all" />  from ms_tag
        <where>
            id in
            (select tag_id from ms_article_tag where article_id = #{articleId})
        </where>
    </select>
    <select id="findTagsByTagIds" parameterType="list" resultType="com.mszlu.blog.dao.pojo.Tag">
        select <include refid="all" />  from ms_tag where id in
        <foreach collection="tagIds" item="tagId" separator="," open="(" close=")">
            #{tagId}
        </foreach>
    </select>
    <select id="findHotsTagIds" parameterType="int" resultType="long">
        select tag_id from ms_article_tag at group by tag_id order by count(1) desc limit #{size}
    </select>
</mapper>